{"theta0": 1.825978717415715, "theta0_apical": 2.873176268612313, "ranges": [13, 44, 74, 105], "apex_coordinates_np": [36.35826981154514, 348.2467206433347, 429.3621199802614], "apex_coordinates_physical": [95.42685165017073, -39.98933124765995, 1424.8582698115451], "com_yx_short_long_axis": [131, 314]}